REGIAO_NOME,qtd_subestacoes,cap_inst_media_mva,disponibilidade_media_pct,area_km2,densidade_sub_km2
1,256,,,3894914.715147415,6.5726727983134e-05
2,846,,,1589207.1292991051,0.0005323409292614456
3,648,,,934880.5951601755,0.0006931366458504538
4,603,,,577208.6752619916,0.001044682843213162
5,263,,,1609114.8872644021,0.0001634438920934457
,2,,,,
